T_s,Sd_m,Sa_pseudo_m_per_s2,Sa_pseudo_g,Sa_actual_m_per_s2,Sa_actual_g
5.000000000000000278e-02,2.054783858852650804e-04,3.244784610659119384e+00,3.308759475110378823e-01,3.238075164409758067e+00,3.301917743989801202e-01
6.000000000000000472e-02,2.928966370307558458e-04,3.211971042114466268e+00,3.275298947259733251e-01,3.209614107710191622e+00,3.272895543034768928e-01
7.000000000000000666e-02,4.130015486049842745e-04,3.327479103484467071e+00,3.393084390168372710e-01,3.336595807547574566e+00,3.402380841110445031e-01
8.000000000000001554e-02,5.718746672689783463e-04,3.527610458093387358e+00,3.597161577188323633e-01,3.534497528406188138e+00,3.604184434446205954e-01
9.000000000000001055e-02,8.104408165746026941e-04,3.949990246956617490e+00,4.027869095926353560e-01,3.938162241458751822e+00,4.015807886952987849e-01
1.000000000000000056e-01,8.998232358416583844e-04,3.552359747466119710e+00,3.622398828821381533e-01,3.539294814854162752e+00,3.609076305215504488e-01
1.100000000000000144e-01,1.215861668852540566e-03,3.966966505131531040e+00,4.045180061623012135e-01,3.998130173496272199e+00,4.076958159510405966e-01
1.200000000000000094e-01,1.656807301852715724e-03,4.542231288367373665e+00,4.631786887843834521e-01,4.553265773103774450e+00,4.643038930831399624e-01
1.300000000000000044e-01,2.204735224871779819e-03,5.150263781924556916e+00,5.251807479541491519e-01,5.198271711444483856e+00,5.300761943624463512e-01
1.400000000000000133e-01,2.495162301948617573e-03,5.025768334029453221e+00,5.124857452880905440e-01,5.002796057720932055e+00,5.101432250280097946e-01
1.500000000000000222e-01,2.793435856582113328e-03,4.901352324317091558e+00,4.997988430623191425e-01,4.903227099721954474e+00,4.999900169499222335e-01
1.600000000000000311e-01,3.943814028465021486e-03,6.081856920690049684e+00,6.201768107039662414e-01,6.102970295142200463e+00,6.223297757279193654e-01
1.700000000000000400e-01,4.799702086568455837e-03,6.556562053635124343e+00,6.685832627487597879e-01,6.572929358936026034e+00,6.702522634065686269e-01
1.800000000000000488e-01,5.219015387219058492e-03,6.359212004327194023e+00,6.484591582576306745e-01,6.408520480819515974e+00,6.534872235492769077e-01
1.900000000000000022e-01,6.078872309279814354e-03,6.647763423526679816e+00,6.778832143011813693e-01,6.627736979600536316e+00,6.758410853452031519e-01
2.000000000000000111e-01,7.257126105199193135e-03,7.162496374713442471e+00,7.303713678690931799e-01,7.145766004582929654e+00,7.286653449019726558e-01
2.100000000000000200e-01,9.937739743752130317e-03,8.896286613316700453e+00,9.071687694897545562e-01,8.954641207597260788e+00,9.131192820787181752e-01
2.200000000000000289e-01,1.184888970389273016e-02,9.664781319798514403e+00,9.855334206684764897e-01,9.653543584972824831e+00,9.843874906285862147e-01
2.300000000000000377e-01,1.330426861166503043e-02,9.928761288692939502e+00,1.012451886086781938e+00,9.962366763585173146e+00,1.015878690846025334e+00
2.400000000000000466e-01,1.578618546556071270e-02,1.081968094078547260e+01,1.103300407456722976e+00,1.090330436903618505e+01,1.111827624013927762e+00
2.500000000000000555e-01,1.778759719489913030e-02,1.123561904381318932e+01,1.145714290181987671e+00,1.130519190551144781e+01,1.152808747687686264e+00
2.600000000000000644e-01,1.906548483534750010e-02,1.113424810886674621e+01,1.135377331593025785e+00,1.116968909366118901e+01,1.138991306272905568e+00
2.700000000000000178e-01,2.048100774664198334e-02,1.109132752784652709e+01,1.131000650359350823e+00,1.117475913575152724e+01,1.139508306684905437e+00
2.800000000000000266e-01,2.289104954111391421e-02,1.152681649472103764e+01,1.175408166368845375e+00,1.152235752781924027e+01,1.174953478284555874e+00
2.900000000000000355e-01,2.522588539586927830e-02,1.184159379426621506e+01,1.207506517951208114e+00,1.192920972353883435e+01,1.216440856310649909e+00
3.000000000000000444e-01,2.816966314232020527e-02,1.235659694785102758e+01,1.260022224495727761e+00,1.235338046121622924e+01,1.259694234138694746e+00
3.100000000000000533e-01,3.019759700428760463e-02,1.240534178130446108e+01,1.264992814192865245e+00,1.248696605034550089e+01,1.273316173244227301e+00
3.200000000000000622e-01,3.118840352530387328e-02,1.202410955844882423e+01,1.226117946337314413e+00,1.207750534559882638e+01,1.231562801323472067e+00
3.300000000000000155e-01,3.132903157373211761e-02,1.135739753542603836e+01,1.158132240410949532e+00,1.140814693599812379e+01,1.163307239067176369e+00
3.400000000000000244e-01,3.077348923185910939e-02,1.050941746573123048e+01,1.071662337875954663e+00,1.056149235917630591e+01,1.076972499189458921e+00
3.500000000000000333e-01,2.939693164544649948e-02,9.473831377842344637e+00,9.660619455004864076e-01,9.514073142148493645e+00,9.701654634506681196e-01
3.600000000000000422e-01,2.723001171824056613e-02,8.294735910372278198e+00,8.458276690176848023e-01,8.329263424163549701e+00,8.493484955783626722e-01
3.700000000000000511e-01,2.464929207498343586e-02,7.108218014521359152e+00,7.248365154789209175e-01,7.150761754954640281e+00,7.291747696669750312e-01
3.800000000000000600e-01,2.285754474830504687e-02,6.249166876619622002e+00,6.372376781693669390e-01,6.259826841373812734e+00,6.383246920583290906e-01
3.900000000000000688e-01,2.605195994311973115e-02,6.761933951653335662e+00,6.895253681586817063e-01,6.798345130358036670e+00,6.932382750845637043e-01
4.000000000000000777e-01,2.728205862826771008e-02,6.731578147708218829e+00,6.864299376146002496e-01,6.778040836871112695e+00,6.911678133583959438e-01
4.100000000000000866e-01,3.012128992157194277e-02,7.074008699022839686e+00,7.213481361140491321e-01,7.090544313198596349e+00,7.230342995007058571e-01
4.200000000000000400e-01,3.325346382220734781e-02,7.442143602973317229e+00,7.588874491261865529e-01,7.485324623716880232e+00,7.632906878207013079e-01
4.300000000000000488e-01,3.591338439435404900e-02,7.667948008145604177e+00,7.819130904177884478e-01,7.722720905979342021e+00,7.874983716130730116e-01
4.400000000000000577e-01,3.810599179081338578e-02,7.770476534844764416e+00,7.923680905145757958e-01,7.795586823773838603e+00,7.949286273879295761e-01
4.500000000000000666e-01,3.957975588613350110e-02,7.716277192845936383e+00,7.868412957376818007e-01,7.757505829072677273e+00,7.910454466176194410e-01
4.600000000000000755e-01,4.035129358975169528e-02,7.528380052987938775e+00,7.676811197491436589e-01,7.582369671014892454e+00,7.731865286326006226e-01
4.700000000000000844e-01,4.065699215963323315e-02,7.266064803146608853e+00,7.409324084316876169e-01,7.301842467835060191e+00,7.445807149062177999e-01
4.800000000000000933e-01,4.059238448351818601e-02,6.955395426202123588e+00,7.092529483770833032e-01,6.993420033003703296e+00,7.131303791818515148e-01
4.900000000000000466e-01,4.017863672086135346e-02,6.606368176759410460e+00,6.736620738743006598e-01,6.652575347102037462e+00,6.783738939497216958e-01
5.000000000000001110e-01,3.978124789885240792e-02,6.282002869493444663e+00,6.405860175996334060e-01,6.312386115630582495e+00,6.436842464685272880e-01
5.100000000000001199e-01,3.929168280515895478e-02,5.963758024452190831e+00,6.081340747811119218e-01,5.999861615176603991e+00,6.118156164619522608e-01
5.200000000000001288e-01,3.884100120787088717e-02,5.670788705087564274e+00,5.782595182949901158e-01,5.696590349845955359e+00,5.808905538431529125e-01
5.300000000000001377e-01,3.842432974839722626e-02,5.400255379048625848e+00,5.506727964237151385e-01,5.428542133534456582e+00,5.535572426398879253e-01
5.400000000000001465e-01,3.825138585818406434e-02,5.178683761504807137e+00,5.280787793491974469e-01,5.200686730307300110e+00,5.303224577513524496e-01
5.500000000000001554e-01,4.114097366623777757e-02,5.369191864613574339e+00,5.475051994935655753e-01,5.386932614625997928e+00,5.493142525353712502e-01
5.600000000000001643e-01,4.285677912669951656e-02,5.395146120987089233e+00,5.501517970955513981e-01,5.412833981673071726e+00,5.519554569269905508e-01
5.700000000000001732e-01,4.371471719517165677e-02,5.311750879924192148e+00,5.416478491558475161e-01,5.333558470398099161e+00,5.438716045130701504e-01
5.800000000000001821e-01,4.435427937312440977e-02,5.205222246232286132e+00,5.307849516636452547e-01,5.227091649788773609e+00,5.330150102011159685e-01
5.900000000000001910e-01,4.483825576753878300e-02,5.085157672628219494e+00,5.185417724328104105e-01,5.106573047872608129e+00,5.207255329671812705e-01
6.000000000000001998e-01,4.533755741363126868e-02,4.971819513157959669e+00,5.069844965567201767e-01,4.992340322769388550e+00,5.090770367831408683e-01
6.100000000000000977e-01,4.542917538721792658e-02,4.819865512921754913e+00,4.914895007899491852e-01,4.841797357166535143e+00,4.937259265056400670e-01
6.200000000000001066e-01,4.564956025092591768e-02,4.688273681168908524e+00,4.780708683565650929e-01,4.709231384099668460e+00,4.802079593030921800e-01
6.300000000000001155e-01,4.763273298752041668e-02,4.737880888178842120e+00,4.831293956834232239e-01,4.758981077416187588e+00,4.852810161896455865e-01
6.400000000000001243e-01,5.216445899453697049e-02,5.027759512430931110e+00,5.126887889779824237e-01,5.050240167346580655e+00,5.149811778075673585e-01
6.500000000000001332e-01,5.772483509813608471e-02,5.393810996797361312e+00,5.500156523172909928e-01,5.418619197443963920e+00,5.525453847587059597e-01
6.600000000000001421e-01,6.264067073516697837e-02,5.677122493801590508e+00,5.789053849991170342e-01,5.704040093264800326e+00,5.816502162578250923e-01
6.700000000000001510e-01,6.599647275744734143e-02,5.804046139302971419e+00,5.918479949119190842e-01,5.832955970355084396e+00,5.947959772557483982e-01
6.800000000000001599e-01,6.740940164430156423e-02,5.755226013351197878e+00,5.868697275166543381e-01,5.785872717836340939e+00,5.899948216604387063e-01
6.900000000000001688e-01,6.662475735639108998e-02,5.524553651973516999e+00,5.633476928383818194e-01,5.556173164708232193e+00,5.665719858165869649e-01
7.000000000000001776e-01,6.380277872381331927e-02,5.140474985259412932e+00,5.241825684876499913e-01,5.166217710236010952e+00,5.268075958901369260e-01
7.100000000000001865e-01,5.939615207788449813e-02,4.651589160528954103e+00,4.743300883103765964e-01,4.674530924256982800e+00,4.766694971531545422e-01
7.200000000000001954e-01,5.468919069189755178e-02,4.164820039697275433e+00,4.246934518614690623e-01,4.188313508871457813e+00,4.270891190030701723e-01
7.300000000000002043e-01,5.278301164792804229e-02,3.910282935358537326e+00,3.987378906516024779e-01,3.924759035698652809e+00,4.002140420733535930e-01
7.400000000000002132e-01,5.403328898843938466e-02,3.895450597557590822e+00,3.972254131184034254e-01,3.910302906783535093e+00,3.987399271701891346e-01
7.500000000000002220e-01,5.527191971394300463e-02,3.879196316909434561e+00,3.955679377676816211e-01,3.895741161987555490e+00,3.972550424444183936e-01
7.600000000000002309e-01,5.725661456799027021e-02,3.913435838862280747e+00,3.990593973336746814e-01,3.929861420657612125e+00,4.007343405401041503e-01
7.700000000000002398e-01,6.035073913148978481e-02,4.018471381623523797e+00,4.097700419229323154e-01,4.037728955130046593e+00,4.117337679156538588e-01
7.800000000000001377e-01,6.476920867211891086e-02,4.202803859075737059e+00,4.285667235065733216e-01,4.221358128380702901e+00,4.304587324295965911e-01
7.900000000000001465e-01,6.996297438552441517e-02,4.425616919779994163e+00,4.512873325529099811e-01,4.444771956645987565e+00,4.532406027181543062e-01
8.000000000000001554e-01,7.526613041883965793e-02,4.642793325217157374e+00,4.734331627229642625e-01,4.664282832373619847e+00,4.756244826085992972e-01
8.100000000000001643e-01,7.986645040024765996e-02,4.805671515742532485e+00,4.900421158848875525e-01,4.831162973834500995e+00,4.926415211957703710e-01
8.200000000000001732e-01,8.308892430651425298e-02,4.878374854356652079e+00,4.974557931971317903e-01,4.903340793313314627e+00,5.000016104697644348e-01
8.300000000000001821e-01,8.446204424712404346e-02,4.840220430404524876e+00,4.935651247270500530e-01,4.866801275120565151e+00,4.962756165582095091e-01
8.400000000000001910e-01,8.372015623868782341e-02,4.684154322410667426e+00,4.776508106652799790e-01,4.707027348695900670e+00,4.799832102395722444e-01
8.500000000000001998e-01,8.277267558440684625e-02,4.522815575018979573e+00,4.611988370155944983e-01,4.539051721974684206e+00,4.628544632442969098e-01
8.600000000000002087e-01,8.586968809697272109e-02,4.583557877566533101e+00,4.673928280877295838e-01,4.600727813613508133e+00,4.691436743040190427e-01
8.700000000000002176e-01,8.906088451841862041e-02,4.645240839254300091e+00,4.736827396974808146e-01,4.659620609774245636e+00,4.751490682112898822e-01
8.800000000000002265e-01,9.360330077271870886e-02,4.771836514787783479e+00,4.865919059809194480e-01,4.787187971515308504e+00,4.881573189127080825e-01
8.900000000000002354e-01,9.828746047154564291e-02,4.898666089846548388e+00,4.995249233781718368e-01,4.912499059264641588e+00,5.009354936970975558e-01
9.000000000000002442e-01,1.029912617382609946e-01,5.019669185805857303e+00,5.118638052551949258e-01,5.037180280248088060e+00,5.136494399461679627e-01
9.100000000000002531e-01,1.077637630120764911e-01,5.137474747986668255e+00,5.238766294286701930e-01,5.153664686115560833e+00,5.255275436683842782e-01
9.200000000000002620e-01,1.124082279964683101e-01,5.243028080116252099e+00,5.346400738393082275e-01,5.263442817861775147e+00,5.367217977455884803e-01
9.300000000000001599e-01,1.169362014660619981e-01,5.337560636541181402e+00,5.442797118833834213e-01,5.359494134697898815e+00,5.465163062511559922e-01
9.400000000000001688e-01,1.212720532996912348e-01,5.418321371551720667e+00,5.525150149696095303e-01,5.440527528856899053e+00,5.547794128328124019e-01
9.500000000000001776e-01,1.253180299843737466e-01,5.481836588452622117e+00,5.589917646140754037e-01,5.505307525225517473e+00,5.613851340901855336e-01
9.600000000000001865e-01,1.290303830642755278e-01,5.527251894815186972e+00,5.636228370356021200e-01,5.552789961980836075e+00,5.662269951492953091e-01
9.700000000000001954e-01,1.335717212396275444e-01,5.604421501998971600e+00,5.714919469950464626e-01,5.628977176288694650e+00,5.739959289144299648e-01
9.800000000000002043e-01,1.408554795754698719e-01,5.790036906020862517e+00,5.904194506810035437e-01,5.817693295214017013e+00,5.932396175262721894e-01
9.900000000000002132e-01,1.450667554384496016e-01,5.843287370378839718e+00,5.958494868664467869e-01,5.873354314613875360e+00,5.989154619175636185e-01
1.000000000000000222e+00,1.461095215015211224e-01,5.768172705809889500e+00,5.881899227371110150e-01,5.796521491015820260e+00,5.910806943263826607e-01
1.010000000000000231e+00,1.445749769406981522e-01,5.595129217532815780e+00,5.705443976824722263e-01,5.621944152103237613e+00,5.732787600356124003e-01
1.020000000000000240e+00,1.431562544551145122e-01,5.432124563681912655e+00,5.539225488502100836e-01,5.463751844398747615e+00,5.571476339421461699e-01
1.030000000000000249e+00,1.441354147927063067e-01,5.363595152006537248e+00,5.469344936350881703e-01,5.397207520939096170e+00,5.503620013908008257e-01
1.040000000000000258e+00,1.447492170976620307e-01,5.283348780034479830e+00,5.387516409818317031e-01,5.318073571649740927e+00,5.422925842820679465e-01
1.050000000000000266e+00,1.451452571438907879e-01,5.197374217522323647e+00,5.299846754520987080e-01,5.228301325416087941e+00,5.331383627860776242e-01
1.060000000000000275e+00,1.468032569077760696e-01,5.158028018765530298e+00,5.259724797729633528e-01,5.181772373459021530e+00,5.283937301177284995e-01
1.070000000000000284e+00,1.534788661514278341e-01,5.292255019101531843e+00,5.396598246191647297e-01,5.315690680490520847e+00,5.420495970071860237e-01
1.080000000000000293e+00,1.603787802658291350e-01,5.428241137012926210e+00,5.535265495365824240e-01,5.451735446458361167e+00,5.559223023620055715e-01
1.090000000000000302e+00,1.664794520242054154e-01,5.531811572726341275e+00,5.640877947847982021e-01,5.557009246750235221e+00,5.666572424579480183e-01
1.100000000000000311e+00,1.713998419071115775e-01,5.592226889363463904e+00,5.702484425735051543e-01,5.616759415498354890e+00,5.727500640380104313e-01
1.110000000000000320e+00,1.750581692947375811e-01,5.609138472909624085e+00,5.719729441664201941e-01,5.632223012793502903e+00,5.743269121252928544e-01
1.120000000000000329e+00,1.779470079730979259e-01,5.600339837538166776e+00,5.710757330523845710e-01,5.625863334609432442e+00,5.736784054299309821e-01
1.130000000000000338e+00,1.809501634338786524e-01,5.594507101276048111e+00,5.704809594791339089e-01,5.619398152979536931e+00,5.730191403771458525e-01
1.140000000000000346e+00,1.847952046695703898e-01,5.613590536494303507e+00,5.724269283082707993e-01,5.638461722954557942e+00,5.749630835152226283e-01
1.150000000000000355e+00,1.901322524508329559e-01,5.675705453543358203e+00,5.787608871065408334e-01,5.700959018349169405e+00,5.813360340533382242e-01
1.160000000000000364e+00,1.972078358392180264e-01,5.785860061022747303e+00,5.899935310246361420e-01,5.811487043602079794e+00,5.926067559872209012e-01
1.170000000000000151e+00,2.057828496278240882e-01,5.934678408519196147e+00,6.051687791977072850e-01,5.960423729621494360e+00,6.077940713313410015e-01
1.180000000000000160e+00,2.152793140968159158e-01,6.103768072029394531e+00,6.224111263305405206e-01,6.131152478600514044e+00,6.252035586668754918e-01
1.190000000000000169e+00,2.248937076989549200e-01,6.269647418354376001e+00,6.393261122151169262e-01,6.297605146393934206e+00,6.421770070711134704e-01
1.200000000000000178e+00,2.339162573437515158e-01,6.412947008239556546e+00,6.539386037270176200e-01,6.441414874921528977e+00,6.568415182474677261e-01
1.210000000000000187e+00,2.416714712832699063e-01,6.516499737982652363e+00,6.644980434687332016e-01,6.545357095080411192e+00,6.674406749583611242e-01
1.220000000000000195e+00,2.475169583596237288e-01,6.565155768799765923e+00,6.694595778170696621e-01,6.594636202737794939e+00,6.724657454622929853e-01
1.230000000000000204e+00,2.509674702629018372e-01,6.548878707216597483e+00,6.677997794574699331e-01,6.579066773643583055e+00,6.708781055348751465e-01
1.240000000000000213e+00,2.519030719758681980e-01,6.467699448025383546e+00,6.595217987819881333e-01,6.499622335698088449e+00,6.627770273944811885e-01
1.250000000000000222e+00,2.500733844242870596e-01,6.318400961303689556e+00,6.442975900336700423e-01,6.350655168091734915e+00,6.475866037935212871e-01
1.260000000000000231e+00,2.500808027572383740e-01,6.218691336661120950e+00,6.341300379498728823e-01,6.244727975223350214e+00,6.367850361972080542e-01
1.270000000000000240e+00,2.554974674545411051e-01,6.253726652009482301e+00,6.377026458586247948e-01,6.279848867866888007e+00,6.403663705614953683e-01
1.280000000000000249e+00,2.594244267351267230e-01,6.251016757458715212e+00,6.374263135177370421e-01,6.278065783062399596e+00,6.401845465130702184e-01
1.290000000000000258e+00,2.620638350030214392e-01,6.217093634546420944e+00,6.339671176748860049e-01,6.245832344510341194e+00,6.368976505239140051e-01
1.300000000000000266e+00,2.634406773075292918e-01,6.153976966107341795e+00,6.275310086632379658e-01,6.184259834448212700e+00,6.306190018455041235e-01
1.310000000000000275e+00,2.639503864426690494e-01,6.072107442931769405e+00,6.191826406501476088e-01,6.103398061923458684e+00,6.223733958001416156e-01
1.320000000000000284e+00,2.637394773666070780e-01,5.975675634890889931e+00,6.093493328395415132e-01,6.007741961726924096e+00,6.126191881760768565e-01
1.330000000000000293e+00,2.631279467639675573e-01,5.872505492523623083e+00,5.988289061528272450e-01,5.905068030828235059e+00,6.021493609773199696e-01
1.340000000000000302e+00,2.623712162493581079e-01,5.768545579447163618e+00,5.882279452664430641e-01,5.801286911880611186e+00,5.915666320181317550e-01
1.350000000000000311e+00,2.616654600330388658e-01,5.668114295649164802e+00,5.779868044285423334e-01,5.700344157468690831e+00,5.812733356924832950e-01
1.360000000000000320e+00,2.610813636386088432e-01,5.572598995696416146e+00,5.682469544336156142e-01,5.604320310664936855e+00,5.714816283506536365e-01
1.370000000000000329e+00,2.606587853450297310e-01,5.482655644997412203e+00,5.590752851378821831e-01,5.513711310728158566e+00,5.622420817229286660e-01
1.380000000000000338e+00,2.603749794009408425e-01,5.397601433793480119e+00,5.504021693232123980e-01,5.427795290542549722e+00,5.534810858491482355e-01
1.390000000000000346e+00,2.601572444703194598e-01,5.315768510945694025e+00,5.420575335048863908e-01,5.344964797790519917e+00,5.450347262103287793e-01
1.400000000000000355e+00,2.599007830805746266e-01,5.234934515384916054e+00,5.338147599215753436e-01,5.263052405538807932e+00,5.366819867680409084e-01
1.410000000000000364e+00,2.594859438653255856e-01,5.152705826857888916e+00,5.254297672352831183e-01,5.179723347390004839e+00,5.281847876073894055e-01
1.420000000000000373e+00,2.587940594525310334e-01,5.066841872938861790e+00,5.166740806431209254e-01,5.092854654993940855e+00,5.193266462037434694e-01
1.430000000000000382e+00,2.577220269149437804e-01,4.975528292038530864e+00,5.073626867522070816e-01,5.001086154985476817e+00,5.099688634738138715e-01
1.440000000000000391e+00,2.561938995029705013e-01,4.877570289480634536e+00,4.973737504122849873e-01,4.903085190420373607e+00,4.999755462283627661e-01
1.450000000000000400e+00,2.541673655194195969e-01,4.772473435136742381e+00,4.866568537815403328e-01,4.797893045818527824e+00,4.892489326955207218e-01
1.460000000000000409e+00,2.516354223434834059e-01,4.660427982419256487e+00,4.752313973088931331e-01,4.685670375314201941e+00,4.778054050378265916e-01
1.470000000000000417e+00,2.486250299568073807e-01,4.542238307895187788e+00,4.631794045770153967e-01,4.567185164214670579e+00,4.657232759621961482e-01
1.480000000000000426e+00,2.451935512449045784e-01,4.419217225137761496e+00,4.506347453144307069e-01,4.443766157990996390e+00,4.531380397986057296e-01
1.490000000000000435e+00,2.414228460971442058e-01,4.293046231005614999e+00,4.377688844820213920e-01,4.318130134090592875e+00,4.403267307480733250e-01
1.500000000000000222e+00,2.374113748632607768e-01,4.165611289278424501e+00,4.247741368641100301e-01,4.191387366690104699e+00,4.274025652684764753e-01
1.510000000000000231e+00,2.333660176617389503e-01,4.040577650066216719e+00,4.120242539568779172e-01,4.065444017366091956e+00,4.145599177462326312e-01
1.520000000000000240e+00,2.293271324095865482e-01,3.918573537601898416e+00,3.995832968038931510e-01,3.942112232850293552e+00,4.019835757216066452e-01
1.530000000000000249e+00,2.253805691471524875e-01,3.800960412106044739e+00,3.875900957111801381e-01,3.824730365793642228e+00,3.900139564268779169e-01
1.540000000000000258e+00,2.216980455979077613e-01,3.690457086432820777e+00,3.763218924334835180e-01,3.714106606850111181e+00,3.787334723733498665e-01
1.550000000000000266e+00,2.185837961172736321e-01,3.591817850016003622e+00,3.662634895724843909e-01,3.615268797279128865e+00,3.686548206858742960e-01
1.560000000000000275e+00,2.168523523128903230e-01,3.517828617314072481e+00,3.587186875552887955e-01,3.541030277943895577e+00,3.610845985065130326e-01
1.570000000000000284e+00,2.154725236200951133e-01,3.451058570221461341e+00,3.519100375991252583e-01,3.475139260443559586e+00,3.543655846230425177e-01
1.580000000000000293e+00,2.145906946429862461e-01,3.393567159559748081e+00,3.460475452432531518e-01,3.417034133839407239e+00,3.484405106575035882e-01
1.590000000000000302e+00,2.141732892418594658e-01,3.344496876068572710e+00,3.410437688781156607e-01,3.366996295162789643e+00,3.433380711214114589e-01
1.600000000000000311e+00,2.141595044982818052e-01,3.302608731455245916e+00,3.367723668587382924e-01,3.325991878453852024e+00,3.391567842692307932e-01
1.610000000000000320e+00,2.145153211033497820e-01,3.267129134312282801e+00,3.331544548150778273e-01,3.291361719726376478e+00,3.356254908379902036e-01
1.620000000000000329e+00,2.153004523483321719e-01,3.238729297444943978e+00,3.302584774051224858e-01,3.261909379575323342e+00,3.326221879617732302e-01
1.630000000000000338e+00,2.163044011017560830e-01,3.214029687363301413e+00,3.277398181196740645e-01,3.237089163299128991e+00,3.300912302671278331e-01
1.640000000000000346e+00,2.174328434562331214e-01,3.191517175367357240e+00,3.254441807719616331e-01,3.215886684667954576e+00,3.279291791455751781e-01
1.650000000000000355e+00,2.187275811872704534e-01,3.171724074087072243e+00,3.234258461438995202e-01,3.195501282681523669e+00,3.258504466542115896e-01
1.660000000000000364e+00,2.199928061238666799e-01,3.151752021379172319e+00,3.213892635486300109e-01,3.175345505099998356e+00,3.237951293357057003e-01
1.670000000000000373e+00,2.211284180152260359e-01,3.130194711390155149e+00,3.191910296982308215e-01,3.155161929519538333e+00,3.217369774101797031e-01
1.680000000000000382e+00,2.222151176775710724e-01,3.108241643167721335e+00,3.169524397391281778e-01,3.132143843065079203e+00,3.193897858152457414e-01
1.690000000000000391e+00,2.230130318443719895e-01,3.082595708261607115e+00,3.143372821770540892e-01,3.107492206092965059e+00,3.168760184255546286e-01
1.700000000000000400e+00,2.241372186539050959e-01,3.061793328269216463e+00,3.122160297623772229e-01,3.079600845981864676e+00,3.140318912148251096e-01
1.710000000000000409e+00,2.309151740594182489e-01,3.117597097466089817e+00,3.179064305819102598e-01,3.134369276365950086e+00,3.196167168570256401e-01
1.720000000000000417e+00,2.372332802939409735e-01,3.165763422490459167e+00,3.228180288366016004e-01,3.182772632518668043e+00,3.245524855601727432e-01
1.730000000000000426e+00,2.430695852958693892e-01,3.206255670162152516e+00,3.269470889816759596e-01,3.223143497736394636e+00,3.286691681396189946e-01
1.740000000000000435e+00,2.484187004063365678e-01,3.239257892513247139e+00,3.303123791012473331e-01,3.256169517711437145e+00,3.320368849414873647e-01
1.750000000000000444e+00,2.534004284368880366e-01,3.266562591005567562e+00,3.330966834755566541e-01,3.282720288828614663e+00,3.347443101190125669e-01
1.760000000000000453e+00,2.610555213503045757e-01,3.327110953573916952e+00,3.392708981735778617e-01,3.345393602669537447e+00,3.411352095434768694e-01
1.770000000000000462e+00,2.716917488036639239e-01,3.423652309020146500e+00,3.491153767107163519e-01,3.443306928988432158e+00,3.511195901748744297e-01
1.780000000000000471e+00,2.826198007498019749e-01,3.521456418779499664e+00,3.590886203524649156e-01,3.539342138680230843e+00,3.609124562088206756e-01
1.790000000000000480e+00,2.962463627220763840e-01,3.650116295157476820e+00,3.722082765427008333e-01,3.668805878866385761e+00,3.741140836948790849e-01
1.800000000000000488e+00,3.094063715637471734e-01,3.770022822852650446e+00,3.844353395759663727e-01,3.789383743588141229e+00,3.864096040531824205e-01
1.810000000000000275e+00,3.220373109390196054e-01,3.880688454392392739e+00,3.957200934460180508e-01,3.900620365731077843e+00,3.977525827607876208e-01
1.820000000000000284e+00,3.341080948295215847e-01,3.982024783442851934e+00,4.060535232156600172e-01,4.003081797759536542e+00,4.082007411052231416e-01
1.830000000000000293e+00,3.456651652866590818e-01,4.074864506693527844e+00,4.155205403163698130e-01,4.096293305259880668e+00,4.177056696486446397e-01
1.840000000000000302e+00,3.565833135422030731e-01,4.158005955447959145e+00,4.239986086429065604e-01,4.179755022262221509e+00,4.262163962476708812e-01
1.850000000000000311e+00,3.668326558118188419e-01,4.231401834055366962e+00,4.314829053810799175e-01,4.253875275628435482e+00,4.337745586544269338e-01
1.860000000000000320e+00,3.765189105638288014e-01,4.296557633014375988e+00,4.381269478378830851e-01,4.319380002489689119e+00,4.404541818551380161e-01
1.870000000000000329e+00,3.854481826414120627e-01,4.351535451159110224e+00,4.437331250895168444e-01,4.374704750617359750e+00,4.460957361196086213e-01
1.880000000000000338e+00,3.936519612787477973e-01,4.396999920251453808e+00,4.483692107143065209e-01,4.420769568276239347e+00,4.507930402610718090e-01
1.890000000000000346e+00,4.010906885872187466e-01,4.432805828858513486e+00,4.520203972670089887e-01,4.456961329991807830e+00,4.544835728808316877e-01
1.900000000000000355e+00,4.076056169732040213e-01,4.457513785249281213e+00,4.545399076391307136e-01,4.482043476273490867e+00,4.570412400028033284e-01
1.910000000000000364e+00,4.133196193203171886e-01,4.472795300458188628e+00,4.560981885208699182e-01,4.497657590957601315e+00,4.586334365922717371e-01
1.920000000000000373e+00,4.179643313305237973e-01,4.476066193574334662e+00,4.564317267950150914e-01,4.501300108161962577e+00,4.590048699772055762e-01
1.930000000000000382e+00,4.216335015471006087e-01,4.468690018541146003e+00,4.556795662679045678e-01,4.494068423873114781e+00,4.582674434055579726e-01
1.940000000000000391e+00,4.241726542032002722e-01,4.449374316872842350e+00,4.537099128522831815e-01,4.475045361463425131e+00,4.563276308895928279e-01
1.950000000000000400e+00,4.255640172799324272e-01,4.418302167407007097e+00,4.505414353940445649e-01,4.443831531757979292e+00,4.531447060676153105e-01
1.960000000000000409e+00,4.258247538706010360e-01,4.376011937623984771e+00,4.462290320980136227e-01,4.401667099651106696e+00,4.488451305645768108e-01
1.970000000000000417e+00,4.248170046290962731e-01,4.321446858764641519e+00,4.406649425404844389e-01,4.347189769904074907e+00,4.432899889262974513e-01
1.980000000000000426e+00,4.227550469504173236e-01,4.257142201779997137e+00,4.341076924107618029e-01,4.282341791097033834e+00,4.366773353894585763e-01
1.990000000000000435e+00,4.194756584233438335e-01,4.181771980025644098e+00,4.264220687008962729e-01,4.206936003691064130e+00,4.289880849924351813e-01
2.000000000000000444e+00,4.151243350883596639e-01,4.097112964587365624e+00,4.177892516391801259e-01,4.121444506840975741e+00,4.202703784514564833e-01
2.010000000000000231e+00,4.098268449891335208e-01,4.004681896972170918e+00,4.083639058161728230e-01,4.028356191555271693e+00,4.107780120178931571e-01
2.020000000000000462e+00,4.036050206253399275e-01,3.904932739795720753e+00,3.981923225358018348e-01,3.928164334840519523e+00,4.005612859478537291e-01
2.030000000000000249e+00,3.966562050341054246e-01,3.799985272075526499e+00,3.874906591012758361e-01,3.822300681834757352e+00,3.897661976143492191e-01
2.040000000000000480e+00,3.904027409430625983e-01,3.703499240877544452e+00,3.776518220674282000e-01,3.723471029992146519e+00,3.796883777836617679e-01
2.050000000000000266e+00,3.858065496201710798e-01,3.624278900749875909e+00,3.695735955448472554e-01,3.644168896840192406e+00,3.716018106937835630e-01
2.060000000000000053e+00,3.806507793965416830e-01,3.541212751070036191e+00,3.611032055870288526e-01,3.561212606204644970e+00,3.631426232408259125e-01
2.070000000000000284e+00,3.750968194202267680e-01,3.455910028037517012e+00,3.524047486182863009e-01,3.476336163661425616e+00,3.544876347847048526e-01
2.080000000000000071e+00,3.694069753203527151e-01,3.370840152935337564e+00,3.437300355305162869e-01,3.391024474572845282e+00,3.457882635326890997e-01
2.090000000000000302e+00,3.636979658054739772e-01,3.287063065388568184e+00,3.351871500857651065e-01,3.306816682298105547e+00,3.372014584285261130e-01
2.100000000000000089e+00,3.581483882162830312e-01,3.206152298034001813e+00,3.269365479581714529e-01,3.226201242030120930e+00,3.289809712827643784e-01
2.110000000000000320e+00,3.531206170430885027e-01,3.131251136393032208e+00,3.192987550685537079e-01,3.150594006236588474e+00,3.212711788670533641e-01
2.120000000000000107e+00,3.486600492007141394e-01,3.062599462509256298e+00,3.122982325778177470e-01,3.082088597229076576e+00,3.142855712428889170e-01
2.130000000000000338e+00,3.450362108481756507e-01,3.002376869776586688e+00,3.061572371581107732e-01,3.021526446579395841e+00,3.081099505518598014e-01
2.140000000000000124e+00,3.424233541454412832e-01,2.951858715267382749e+00,3.010058190378348542e-01,2.970460317711546949e+00,3.029026545978032448e-01
2.150000000000000355e+00,3.408949623000126494e-01,2.911410206793202171e+00,2.968812190496450953e-01,2.930052996305541946e+00,2.987822545217319048e-01
2.160000000000000142e+00,3.405400067776059303e-01,2.881511616631737827e+00,2.938324113363623424e-01,2.900213458346334150e+00,2.957394684572544619e-01
2.170000000000000373e+00,3.413917746803476483e-01,2.862156139973976554e+00,2.918587020005788402e-01,2.880962563996898318e+00,2.937764235490099574e-01
2.180000000000000160e+00,3.434276317328567307e-01,2.852870015660549097e+00,2.909117808487657886e-01,2.871854866875588996e+00,2.928476969072608127e-01
2.190000000000000391e+00,3.466396413187055603e-01,2.853315093139118019e+00,2.909571661208586457e-01,2.872014168897983666e+00,2.928639411927603797e-01
2.200000000000000178e+00,3.508507299404478585e-01,2.861783395326989332e+00,2.918206926245954791e-01,2.880183481082992714e+00,2.936969792011536184e-01
2.210000000000000409e+00,3.558951800907952379e-01,2.876718032596057295e+00,2.933436018004167978e-01,2.895609365672696001e+00,2.952699816627182838e-01
2.220000000000000195e+00,3.615876648169889518e-01,2.896459060187790868e+00,2.953566263900303523e-01,2.915889330714522387e+00,2.973379625778958535e-01
2.230000000000000426e+00,3.678279965215290326e-01,2.920080285799242059e+00,2.977653210626709512e-01,2.939045314682844356e+00,2.996992158058913724e-01
2.240000000000000213e+00,3.742430199466253993e-01,2.944539665770236958e+00,3.002594836942520939e-01,2.964525859418634113e+00,3.022975082641508049e-01
2.250000000000000444e+00,3.808053387245137200e-01,2.969598456915581330e+00,3.028147692551056425e-01,2.989154786221310367e+00,3.048089598610443374e-01
2.260000000000000231e+00,3.871559036567521761e-01,2.992462691391971408e+00,3.051462723143960054e-01,3.012508244831090032e+00,3.071903498983944991e-01
2.270000000000000462e+00,3.931284831302216398e-01,3.011913762965023444e+00,3.071297296186795145e-01,3.032423126597821650e+00,3.092211026801019447e-01
2.280000000000000249e+00,3.986046219158100867e-01,3.027139066447243287e+00,3.086822784995124080e-01,3.047579264156319745e+00,3.107665985995543556e-01
2.290000000000000036e+00,4.033863550734482772e-01,3.036756541921243890e+00,3.096629880663880341e-01,3.057015699964898303e+00,3.117288472582276926e-01
2.300000000000000266e+00,4.073199927992897651e-01,3.039763473409115235e+00,3.099696097453376598e-01,3.059893566218803151e+00,3.120223079460165416e-01
2.310000000000000053e+00,4.102896658552007136e-01,3.035472867334548575e+00,3.095320896875639050e-01,3.055520945630945562e+00,3.115764247353526306e-01
2.320000000000000284e+00,4.121979529687306298e-01,3.023358153047122077e+00,3.082967326301155331e-01,3.043386203909339116e+00,3.103390254479704291e-01
2.330000000000000071e+00,4.130241089984754699e-01,3.003469994973098522e+00,3.062687049066805112e-01,3.023138112223051621e+00,3.082742947105333586e-01
2.340000000000000302e+00,4.126848173050404744e-01,2.975407910831020963e+00,3.034071686897177877e-01,2.994559507503315121e+00,3.053600880528330452e-01
2.350000000000000089e+00,4.111349619882893047e-01,2.939059795586292712e+00,2.997006924470938527e-01,2.957612017488271405e+00,3.015924925931150469e-01
2.360000000000000320e+00,4.083595895061238323e-01,2.894532894151596203e+00,2.951602121164308423e-01,2.912641040074348986e+00,2.970067291148709709e-01
2.370000000000000107e+00,4.044295722156417416e-01,2.842535837113129293e+00,2.898579879075045551e-01,2.860365732578454612e+00,2.916761312556739316e-01
2.380000000000000338e+00,3.993452287105996867e-01,2.783263489044678352e+00,2.838138904768375270e-01,2.800544991751368507e+00,2.855761133263008955e-01
2.390000000000000124e+00,3.931130072452740376e-01,2.716948139166631915e+00,2.770516067328427368e-01,2.733694245106257359e+00,2.787592343059309141e-01
2.400000000000000355e+00,3.857988479484793509e-01,2.644223616421885303e+00,2.696357692404526829e-01,2.660824568608600948e+00,2.713285952500192333e-01
2.410000000000000142e+00,3.775578633076681068e-01,2.566310324799680131e+00,2.616908245730886762e-01,2.582354249212563957e+00,2.633268495574497270e-01
2.420000000000000373e+00,3.683975780216209861e-01,2.483394820977289363e+00,2.532357962175961763e-01,2.498886910061035582e+00,2.548155496587556357e-01
2.430000000000000160e+00,3.584245355154966339e-01,2.396320596915885393e+00,2.443566964168075173e-01,2.411337371972051891e+00,2.458879813159490779e-01
2.440000000000000391e+00,3.477565254474361267e-01,2.305979127965303466e+00,2.351444303574924677e-01,2.320615913319878487e+00,2.366369670906862954e-01
2.450000000000000178e+00,3.365198887075118162e-01,2.213289912297715212e+00,2.256927607590477336e-01,2.227602750723052694e+00,2.271522640986527453e-01
2.460000000000000409e+00,3.258085205938714979e-01,2.125455224248586017e+00,2.167361152124921420e-01,2.139949476309866760e+00,2.182141175946798184e-01
2.470000000000000195e+00,3.279932938634455009e-01,2.122417385397207479e+00,2.164263418595756550e-01,2.137129260581543733e+00,2.179265356244531882e-01
2.480000000000000426e+00,3.309075416231556654e-01,2.124041707308504279e+00,2.165919765983801148e-01,2.132721921838711232e+00,2.174771121472379720e-01
2.490000000000000213e+00,3.338087638978821658e-01,2.125488585854251600e+00,2.167395171495109796e-01,2.132734492622850642e+00,2.174783940104776658e-01
2.500000000000000444e+00,3.366433531788539657e-01,2.126423500884156770e+00,2.168348519508860595e-01,2.134560392078166835e+00,2.176645839382630176e-01
2.510000000000000231e+00,3.393938791101193120e-01,2.126749304276454033e+00,2.168680746510229518e-01,2.135718145234034804e+00,2.177826419046295092e-01
2.520000000000000462e+00,3.420444292979629708e-01,2.126381459289035103e+00,2.168305649012695624e-01,2.136055630538832961e+00,2.178170558283239466e-01
2.530000000000000249e+00,3.445816075123572797e-01,2.125253729968227479e+00,2.167155685140417509e-01,2.135676350999324846e+00,2.177783800787552182e-01
2.540000000000000480e+00,3.469952390347723070e-01,2.123321804411086866e+00,2.165185669327534812e-01,2.134482235550028584e+00,2.176566141903737428e-01
2.550000000000000266e+00,3.492783679254669593e-01,2.120562440465972198e+00,2.162371901175194622e-01,2.132317298056639832e+00,2.174358520041645149e-01
2.560000000000000497e+00,3.514444911822058315e-01,2.117076475165104998e+00,2.158817205840022069e-01,2.129152906862933126e+00,2.171131739037217845e-01
2.570000000000000284e+00,3.535023220716072001e-01,2.112933170048443721e+00,2.154592210437248079e-01,2.125204627180832251e+00,2.167105614232008315e-01
2.580000000000000515e+00,3.554249222844074185e-01,2.107988328366702468e+00,2.149549875203767557e-01,2.120533167099389882e+00,2.162342050648682346e-01
2.590000000000000302e+00,3.572136724605415870e-01,2.102268978605478900e+00,2.143717761524556453e-01,2.114937169997866739e+00,2.156635721676481710e-01
2.600000000000000533e+00,3.588719016534641093e-01,2.095812840228601370e+00,2.137134332548425164e-01,2.108467999092356049e+00,2.150039003219607336e-01
2.610000000000000320e+00,3.604036369582103716e-01,2.088660660584173989e+00,2.129841139006871942e-01,2.101357936844542085e+00,2.142788757470228955e-01
2.620000000000000107e+00,3.618315413377983236e-01,2.080959252281615601e+00,2.121987888097990327e-01,2.093642960388296448e+00,2.134921670895052470e-01
2.630000000000000338e+00,3.631565873399335564e-01,2.072727292685913714e+00,2.113593625433674017e-01,2.085210511067826733e+00,2.126322965607854720e-01
2.640000000000000124e+00,3.643644300891613064e-01,2.063896225211433233e+00,2.104588442752044208e-01,2.076146886923099011e+00,2.117080641119137574e-01
2.650000000000000355e+00,3.654590862544764285e-01,2.054502872831768912e+00,2.095009889036285600e-01,2.066517201408204052e+00,2.107261094673720525e-01
2.660000000000000142e+00,3.664439784306705028e-01,2.044579740105172405e+00,2.084891109711443369e-01,2.056360437064036706e+00,2.096904077400577049e-01
2.670000000000000373e+00,3.673213140141602939e-01,2.034151724618429746e+00,2.074257493250426798e-01,2.045822030468819275e+00,2.086157893336480218e-01
2.680000000000000160e+00,3.680911699431226869e-01,2.023231360477152130e+00,2.063121820883943303e-01,2.034860834240878269e+00,2.074980583829216241e-01
2.690000000000000391e+00,3.687548273835747903e-01,2.011837463422492700e+00,2.051503279328305562e-01,2.023461331837428379e+00,2.063356326408537500e-01
2.700000000000000178e+00,3.693400325670249673e-01,2.000131693235663199e+00,2.039566715683401865e-01,2.011649274592042236e+00,2.051311380126794037e-01
2.710000000000000409e+00,3.698111950393312974e-01,1.987930555483883976e+00,2.027125017701135457e-01,1.999433573880142756e+00,2.038854832057984123e-01
2.720000000000000195e+00,3.701626753138532733e-01,1.975215813903880013e+00,2.014159589568181030e-01,1.986800246576258200e+00,2.025972423382356169e-01
2.730000000000000426e+00,3.703896314987834559e-01,1.961974070312634044e+00,2.000656768940090868e-01,1.973697676500506537e+00,2.012611520244432795e-01
2.740000000000000213e+00,3.705030755909384799e-01,1.948275766140694421e+00,1.986688386085660729e-01,1.960293536686493310e+00,1.998943101555060442e-01
2.750000000000000444e+00,3.705360146562571289e-01,1.934304201527804024e+00,1.972441355129227747e-01,1.946455050981258150e+00,1.984831773318369019e-01
2.760000000000000231e+00,3.704405838664302508e-01,1.919818324338495197e+00,1.957669871300082298e-01,1.932036808957704910e+00,1.970129258164312058e-01
2.770000000000000462e+00,3.702178586996753840e-01,1.904835880871218246e+00,1.942392030786474766e-01,1.917144831409820505e+00,1.954943667215431058e-01
2.780000000000000249e+00,3.698910505856576880e-01,1.889487262969708148e+00,1.926740796265501710e-01,1.902004737553600222e+00,1.939505068044235503e-01
2.790000000000000480e+00,3.694862938107438266e-01,1.873914030671091968e+00,1.910860518802131314e-01,1.886305125000983463e+00,1.923495918586860531e-01
2.800000000000000266e+00,3.689648907205241857e-01,1.857927300664662829e+00,1.894558591022074689e-01,1.870140777934361953e+00,1.907012871810824239e-01
2.810000000000000497e+00,3.683338557716339667e-01,1.841572140167389016e+00,1.877880968697148434e-01,1.853822565372390763e+00,1.890372925894562295e-01
2.820000000000000284e+00,3.676041867962894782e-01,1.824912177387220336e+00,1.860892534542601673e-01,1.837039217058524354e+00,1.873258673510856953e-01
2.830000000000000515e+00,3.668212804821983641e-01,1.808178863144919823e+00,1.843829302712873264e-01,1.819875502483558449e+00,1.855756555483838444e-01
2.840000000000000302e+00,3.659474787251241201e-01,1.791190659885458780e+00,1.826506156419836491e-01,1.802608696901014884e+00,1.838149313884981095e-01
2.850000000000000533e+00,3.649890915926295998e-01,1.773984829661912954e+00,1.808961092383141178e-01,1.785116529440412991e+00,1.820312267125280270e-01
2.860000000000000320e+00,3.639494758877672709e-01,1.756583377669359347e+00,1.791216549656977075e-01,1.767393910482280450e+00,1.802240225237242699e-01
2.870000000000000551e+00,3.654838923231947256e-01,1.751717967779271579e+00,1.786255212309271478e-01,1.762618281444944701e+00,1.797370438880703247e-01
2.880000000000000338e+00,3.694189489533354354e-01,1.758303860163794141e+00,1.792970953550696855e-01,1.769191075316518980e+00,1.804072823356109578e-01
2.890000000000000568e+00,3.726715960176941733e-01,1.761531219318364316e+00,1.796261944005714817e-01,1.772061301002101352e+00,1.806999639022603410e-01
2.900000000000000355e+00,3.752351175239888037e-01,1.761437416103705633e+00,1.796166291346898147e-01,1.771630301136180918e+00,1.806560141471533210e-01
2.910000000000000586e+00,3.771201790696154799e-01,1.758140304949200816e+00,1.792804173646659061e-01,1.767954337906942452e+00,1.802811702168367891e-01
2.920000000000000373e+00,3.783636690907793421e-01,1.751876399732910539e+00,1.786416767941050865e-01,1.761455159894990130e+00,1.796184384978550541e-01
2.930000000000000604e+00,3.789025796954875180e-01,1.742416833345382665e+00,1.776770694727947686e-01,1.752125716614132855e+00,1.786671000407002441e-01
2.940000000000000391e+00,3.787894461288790482e-01,1.730067094543840334e+00,1.764177465845972181e-01,1.739852017365956183e+00,1.774155310290421450e-01
2.950000000000000178e+00,3.779289189103746671e-01,1.714453971330894388e+00,1.748256510970509214e-01,1.724790939865847417e+00,1.758797285378643493e-01
2.960000000000000409e+00,3.764092093499143421e-01,1.696041813920051045e+00,1.729481335542770726e-01,1.706588682515380206e+00,1.740236148445575559e-01
2.970000000000000195e+00,3.741456903359056674e-01,1.674509382030346050e+00,1.707524365639995489e-01,1.685569178396455259e+00,1.718802219306751478e-01
2.980000000000000426e+00,3.711505734011905089e-01,1.649974925772364820e+00,1.682506182817134210e-01,1.661503842393745600e+00,1.694262406014026834e-01
2.990000000000000213e+00,3.674752266698290692e-01,1.622726866335657547e+00,1.654720894837337641e-01,1.634508859174831130e+00,1.666735183956632727e-01
3.000000000000000444e+00,3.631155773580627133e-01,1.592803155732106068e+00,1.624207201982436621e-01,1.604714187717914298e+00,1.636353074411663888e-01
